model, accuracy, auc, auroc, average_precision, cohen_kappa, f1, fbeta, hamming_distance, hinge, iou, matthews_corrcoef, roc, precision, recall, true_positive, false_positive, true_negative, false_negative
bert-based-case,0.585185170173645,0.3609170689887831,0.5222647786140442,0.4091329872608185,0.06839191913604736,0.37078651785850525,0.37078651785850525,0.414814829826355,1.0775244484664992,0.37750619649887085,0.06956657022237778,0.06956657022237778,0.42307692766189575,0.33000001311302185,66,90,250,134
