model, accuracy, auc, auroc, average_precision, cohen_kappa, f1, fbeta, hamming_distance, hinge, iou, matthews_corrcoef, roc, precision, recall, true_positive, false_positive, true_negative, false_negative
boilerplate,0.5634573101997375,0.458596767617564,0.5848178863525391,0.5593408346176147,0.12368381023406982,0.5278106927871704,0.5278106927871704,0.43654268980026245,0.9731488966279266,0.390548437833786,0.12418831139802933,0.12418831139802933,0.5547263622283936,0.5033860206604004,223,179,292,220
bert-based-case,0.5700218677520752,0.46097746491432234,0.5861502289772034,0.5721762180328369,0.13952457904815674,0.5589225888252258,0.5589225888252258,0.4299781322479248,0.9782688551718935,0.3984365165233612,0.13953299820423126,0.13953299820423126,0.5558035969734192,0.56207674741745,249,199,272,194
