model, accuracy, auc, auroc, average_precision, cohen_kappa, f1, fbeta, hamming_distance, hinge, iou, matthews_corrcoef, roc, precision, recall, true_positive, false_positive, true_negative, false_negative
boilerplate,0.5634573101997375,0.458596767617564,0.5848178863525391,0.5593408346176147,0.12368381023406982,0.5278106927871704,0.5278106927871704,0.43654268980026245,0.9731488966279266,0.390548437833786,0.12418831139802933,0.12418831139802933,0.5547263622283936,0.5033860206604004,223,179,292,220
bert-based-case,0.5700218677520752,0.46097746491432234,0.5861502289772034,0.5721762180328369,0.13952457904815674,0.5589225888252258,0.5589225888252258,0.4299781322479248,0.9782688551718935,0.3984365165233612,0.13953299820423126,0.13953299820423126,0.5558035969734192,0.56207674741745,249,199,272,194
roberta,0.5525164008140564,0.48847376042976975,0.575040876865387,0.5840820670127869,0.09710407257080078,0.46814045310020447,0.46814045310020447,0.4474835991859436,0.9636060498956452,0.374191015958786,0.10051468014717102,0.10051468014717102,0.5521472096443176,0.4063205420970917,180,146,325,263
xlm,0.5218818187713623,0.4514236822724343,0.5411808490753174,0.5482563972473145,0.04190117120742798,0.49827784299850464,0.49827784299850464,0.4781181812286377,0.9945712872257118,0.3524157702922821,0.04192382097244263,0.04192382097244263,0.5070093274116516,0.4898419976234436,217,211,260,226
ernie_large,0.5448577404022217,0.45866137556731745,0.5658820867538452,0.5590584874153137,0.08898270130157471,0.531531572341919,0.531531572341919,0.4551422595977783,0.9837558361084182,0.37419694662094116,0.08898355811834335,0.08898355811834335,0.5303370952606201,0.5327313542366028,236,209,262,207
